Image,Mask
translate\images\0_translate.png,translate\masks\0_translate.png
translate\images\1_translate.png,translate\masks\1_translate.png
translate\images\2_translate.png,translate\masks\2_translate.png
translate\images\3_translate.png,translate\masks\3_translate.png
translate\images\4_translate.png,translate\masks\4_translate.png
translate\images\5_translate.png,translate\masks\5_translate.png
translate\images\6_translate.png,translate\masks\6_translate.png
translate\images\7_translate.png,translate\masks\7_translate.png
translate\images\8_translate.png,translate\masks\8_translate.png
translate\images\9_translate.png,translate\masks\9_translate.png
translate\images\10_translate.png,translate\masks\10_translate.png
translate\images\11_translate.png,translate\masks\11_translate.png
translate\images\12_translate.png,translate\masks\12_translate.png
translate\images\13_translate.png,translate\masks\13_translate.png
translate\images\14_translate.png,translate\masks\14_translate.png
translate\images\15_translate.png,translate\masks\15_translate.png
translate\images\16_translate.png,translate\masks\16_translate.png
translate\images\17_translate.png,translate\masks\17_translate.png
translate\images\18_translate.png,translate\masks\18_translate.png
translate\images\19_translate.png,translate\masks\19_translate.png
translate\images\20_translate.png,translate\masks\20_translate.png
translate\images\21_translate.png,translate\masks\21_translate.png
translate\images\22_translate.png,translate\masks\22_translate.png
translate\images\23_translate.png,translate\masks\23_translate.png
translate\images\24_translate.png,translate\masks\24_translate.png
translate\images\25_translate.png,translate\masks\25_translate.png
translate\images\26_translate.png,translate\masks\26_translate.png
translate\images\27_translate.png,translate\masks\27_translate.png
translate\images\28_translate.png,translate\masks\28_translate.png
translate\images\29_translate.png,translate\masks\29_translate.png
translate\images\30_translate.png,translate\masks\30_translate.png
translate\images\31_translate.png,translate\masks\31_translate.png
translate\images\32_translate.png,translate\masks\32_translate.png
translate\images\33_translate.png,translate\masks\33_translate.png
translate\images\34_translate.png,translate\masks\34_translate.png
translate\images\35_translate.png,translate\masks\35_translate.png
translate\images\36_translate.png,translate\masks\36_translate.png
translate\images\37_translate.png,translate\masks\37_translate.png
translate\images\38_translate.png,translate\masks\38_translate.png
translate\images\39_translate.png,translate\masks\39_translate.png
translate\images\40_translate.png,translate\masks\40_translate.png
translate\images\41_translate.png,translate\masks\41_translate.png
translate\images\42_translate.png,translate\masks\42_translate.png
translate\images\43_translate.png,translate\masks\43_translate.png
translate\images\44_translate.png,translate\masks\44_translate.png
translate\images\45_translate.png,translate\masks\45_translate.png
translate\images\46_translate.png,translate\masks\46_translate.png
translate\images\47_translate.png,translate\masks\47_translate.png
translate\images\48_translate.png,translate\masks\48_translate.png
translate\images\49_translate.png,translate\masks\49_translate.png
translate\images\2001_translate.png,translate\masks\2001_translate.png
translate\images\2002_translate.png,translate\masks\2002_translate.png
translate\images\2003_translate.png,translate\masks\2003_translate.png
translate\images\2004_translate.png,translate\masks\2004_translate.png
translate\images\2005_translate.png,translate\masks\2005_translate.png
translate\images\2006_translate.png,translate\masks\2006_translate.png
translate\images\2007_translate.png,translate\masks\2007_translate.png
translate\images\2008_translate.png,translate\masks\2008_translate.png
translate\images\2009_translate.png,translate\masks\2009_translate.png
translate\images\2010_translate.png,translate\masks\2010_translate.png
translate\images\2011_translate.png,translate\masks\2011_translate.png
translate\images\2012_translate.png,translate\masks\2012_translate.png
translate\images\2013_translate.png,translate\masks\2013_translate.png
translate\images\2014_translate.png,translate\masks\2014_translate.png
translate\images\2015_translate.png,translate\masks\2015_translate.png
translate\images\2016_translate.png,translate\masks\2016_translate.png
translate\images\2017_translate.png,translate\masks\2017_translate.png
translate\images\2018_translate.png,translate\masks\2018_translate.png
translate\images\2019_translate.png,translate\masks\2019_translate.png
translate\images\2020_translate.png,translate\masks\2020_translate.png
translate\images\2021_translate.png,translate\masks\2021_translate.png
translate\images\2022_translate.png,translate\masks\2022_translate.png
translate\images\2023_translate.png,translate\masks\2023_translate.png
translate\images\2024_translate.png,translate\masks\2024_translate.png
translate\images\2025_translate.png,translate\masks\2025_translate.png
translate\images\2026_translate.png,translate\masks\2026_translate.png
translate\images\2027_translate.png,translate\masks\2027_translate.png
translate\images\2028_translate.png,translate\masks\2028_translate.png
translate\images\2029_translate.png,translate\masks\2029_translate.png
translate\images\2030_translate.png,translate\masks\2030_translate.png
translate\images\2031_translate.png,translate\masks\2031_translate.png
translate\images\2032_translate.png,translate\masks\2032_translate.png
translate\images\2033_translate.png,translate\masks\2033_translate.png
translate\images\2034_translate.png,translate\masks\2034_translate.png
translate\images\2035_translate.png,translate\masks\2035_translate.png
translate\images\2036_translate.png,translate\masks\2036_translate.png
translate\images\2037_translate.png,translate\masks\2037_translate.png
translate\images\2038_translate.png,translate\masks\2038_translate.png
translate\images\2039_translate.png,translate\masks\2039_translate.png
translate\images\2040_translate.png,translate\masks\2040_translate.png
translate\images\2041_translate.png,translate\masks\2041_translate.png
translate\images\2042_translate.png,translate\masks\2042_translate.png
translate\images\2043_translate.png,translate\masks\2043_translate.png
translate\images\2044_translate.png,translate\masks\2044_translate.png
translate\images\2045_translate.png,translate\masks\2045_translate.png
translate\images\2046_translate.png,translate\masks\2046_translate.png
translate\images\2047_translate.png,translate\masks\2047_translate.png
translate\images\2048_translate.png,translate\masks\2048_translate.png
translate\images\2049_translate.png,translate\masks\2049_translate.png
translate\images\2050_translate.png,translate\masks\2050_translate.png
translate\images\2051_translate.png,translate\masks\2051_translate.png
translate\images\2052_translate.png,translate\masks\2052_translate.png
translate\images\2053_translate.png,translate\masks\2053_translate.png
translate\images\3000_translate.png,translate\masks\3000_translate.png
translate\images\3001_translate.png,translate\masks\3001_translate.png
translate\images\3002_translate.png,translate\masks\3002_translate.png
translate\images\3003_translate.png,translate\masks\3003_translate.png
translate\images\3004_translate.png,translate\masks\3004_translate.png
translate\images\3005_translate.png,translate\masks\3005_translate.png
translate\images\3006_translate.png,translate\masks\3006_translate.png
translate\images\3007_translate.png,translate\masks\3007_translate.png
translate\images\3008_translate.png,translate\masks\3008_translate.png
translate\images\3009_translate.png,translate\masks\3009_translate.png
translate\images\3010_translate.png,translate\masks\3010_translate.png
translate\images\3011_translate.png,translate\masks\3011_translate.png
translate\images\3012_translate.png,translate\masks\3012_translate.png
translate\images\3013_translate.png,translate\masks\3013_translate.png
translate\images\3014_translate.png,translate\masks\3014_translate.png
translate\images\3015_translate.png,translate\masks\3015_translate.png
translate\images\3016_translate.png,translate\masks\3016_translate.png
translate\images\3017_translate.png,translate\masks\3017_translate.png
translate\images\3018_translate.png,translate\masks\3018_translate.png
translate\images\3019_translate.png,translate\masks\3019_translate.png
translate\images\3020_translate.png,translate\masks\3020_translate.png
translate\images\3021_translate.png,translate\masks\3021_translate.png
translate\images\3022_translate.png,translate\masks\3022_translate.png
translate\images\3023_translate.png,translate\masks\3023_translate.png
translate\images\3024_translate.png,translate\masks\3024_translate.png
translate\images\3025_translate.png,translate\masks\3025_translate.png
translate\images\3026_translate.png,translate\masks\3026_translate.png
translate\images\3027_translate.png,translate\masks\3027_translate.png
translate\images\3028_translate.png,translate\masks\3028_translate.png
translate\images\3029_translate.png,translate\masks\3029_translate.png
translate\images\3030_translate.png,translate\masks\3030_translate.png
translate\images\3031_translate.png,translate\masks\3031_translate.png
translate\images\3032_translate.png,translate\masks\3032_translate.png
translate\images\3033_translate.png,translate\masks\3033_translate.png
translate\images\3034_translate.png,translate\masks\3034_translate.png
translate\images\3035_translate.png,translate\masks\3035_translate.png
translate\images\3036_translate.png,translate\masks\3036_translate.png
translate\images\3037_translate.png,translate\masks\3037_translate.png
translate\images\3038_translate.png,translate\masks\3038_translate.png
translate\images\3039_translate.png,translate\masks\3039_translate.png
translate\images\3040_translate.png,translate\masks\3040_translate.png
translate\images\3041_translate.png,translate\masks\3041_translate.png
translate\images\3042_translate.png,translate\masks\3042_translate.png
translate\images\3043_translate.png,translate\masks\3043_translate.png
translate\images\3044_translate.png,translate\masks\3044_translate.png
translate\images\3045_translate.png,translate\masks\3045_translate.png
translate\images\3046_translate.png,translate\masks\3046_translate.png
translate\images\3047_translate.png,translate\masks\3047_translate.png
translate\images\3048_translate.png,translate\masks\3048_translate.png
translate\images\3049_translate.png,translate\masks\3049_translate.png
translate\images\3050_translate.png,translate\masks\3050_translate.png
translate\images\3051_translate.png,translate\masks\3051_translate.png
translate\images\3052_translate.png,translate\masks\3052_translate.png
translate\images\3053_translate.png,translate\masks\3053_translate.png
translate\images\3054_translate.png,translate\masks\3054_translate.png
translate\images\3055_translate.png,translate\masks\3055_translate.png
translate\images\3056_translate.png,translate\masks\3056_translate.png
translate\images\3057_translate.png,translate\masks\3057_translate.png
translate\images\3058_translate.png,translate\masks\3058_translate.png
translate\images\3059_translate.png,translate\masks\3059_translate.png
translate\images\3060_translate.png,translate\masks\3060_translate.png
translate\images\3061_translate.png,translate\masks\3061_translate.png
translate\images\3062_translate.png,translate\masks\3062_translate.png
translate\images\3063_translate.png,translate\masks\3063_translate.png
translate\images\3064_translate.png,translate\masks\3064_translate.png
translate\images\3065_translate.png,translate\masks\3065_translate.png
translate\images\3066_translate.png,translate\masks\3066_translate.png
translate\images\3067_translate.png,translate\masks\3067_translate.png
translate\images\3068_translate.png,translate\masks\3068_translate.png
translate\images\3069_translate.png,translate\masks\3069_translate.png
translate\images\3070_translate.png,translate\masks\3070_translate.png
translate\images\3071_translate.png,translate\masks\3071_translate.png
translate\images\3072_translate.png,translate\masks\3072_translate.png
translate\images\3073_translate.png,translate\masks\3073_translate.png
translate\images\3074_translate.png,translate\masks\3074_translate.png
translate\images\3075_translate.png,translate\masks\3075_translate.png
translate\images\3076_translate.png,translate\masks\3076_translate.png
translate\images\3077_translate.png,translate\masks\3077_translate.png
translate\images\3078_translate.png,translate\masks\3078_translate.png
translate\images\3079_translate.png,translate\masks\3079_translate.png
translate\images\3080_translate.png,translate\masks\3080_translate.png
translate\images\3081_translate.png,translate\masks\3081_translate.png
translate\images\3082_translate.png,translate\masks\3082_translate.png
translate\images\3083_translate.png,translate\masks\3083_translate.png
translate\images\3084_translate.png,translate\masks\3084_translate.png
translate\images\3085_translate.png,translate\masks\3085_translate.png
translate\images\3086_translate.png,translate\masks\3086_translate.png
translate\images\3087_translate.png,translate\masks\3087_translate.png
translate\images\3088_translate.png,translate\masks\3088_translate.png
translate\images\3089_translate.png,translate\masks\3089_translate.png
translate\images\3090_translate.png,translate\masks\3090_translate.png
translate\images\3091_translate.png,translate\masks\3091_translate.png
translate\images\3092_translate.png,translate\masks\3092_translate.png
translate\images\3093_translate.png,translate\masks\3093_translate.png
translate\images\3094_translate.png,translate\masks\3094_translate.png
translate\images\3095_translate.png,translate\masks\3095_translate.png
translate\images\3096_translate.png,translate\masks\3096_translate.png
translate\images\3097_translate.png,translate\masks\3097_translate.png
translate\images\3098_translate.png,translate\masks\3098_translate.png
translate\images\1000_translate.png,translate\masks\1000_translate.png
translate\images\1001_translate.png,translate\masks\1001_translate.png
translate\images\1002_translate.png,translate\masks\1002_translate.png
translate\images\1003_translate.png,translate\masks\1003_translate.png
translate\images\1004_translate.png,translate\masks\1004_translate.png
translate\images\1005_translate.png,translate\masks\1005_translate.png
translate\images\1006_translate.png,translate\masks\1006_translate.png
translate\images\1007_translate.png,translate\masks\1007_translate.png
translate\images\1008_translate.png,translate\masks\1008_translate.png
translate\images\1009_translate.png,translate\masks\1009_translate.png
translate\images\1010_translate.png,translate\masks\1010_translate.png
translate\images\1011_translate.png,translate\masks\1011_translate.png
translate\images\1012_translate.png,translate\masks\1012_translate.png
translate\images\1013_translate.png,translate\masks\1013_translate.png
translate\images\1014_translate.png,translate\masks\1014_translate.png
translate\images\1015_translate.png,translate\masks\1015_translate.png
translate\images\1016_translate.png,translate\masks\1016_translate.png
translate\images\1017_translate.png,translate\masks\1017_translate.png
translate\images\1018_translate.png,translate\masks\1018_translate.png
translate\images\1019_translate.png,translate\masks\1019_translate.png
translate\images\1020_translate.png,translate\masks\1020_translate.png
translate\images\1021_translate.png,translate\masks\1021_translate.png
translate\images\1022_translate.png,translate\masks\1022_translate.png
translate\images\1023_translate.png,translate\masks\1023_translate.png
translate\images\1024_translate.png,translate\masks\1024_translate.png
translate\images\1025_translate.png,translate\masks\1025_translate.png
translate\images\1026_translate.png,translate\masks\1026_translate.png
translate\images\1027_translate.png,translate\masks\1027_translate.png
translate\images\1028_translate.png,translate\masks\1028_translate.png
translate\images\1029_translate.png,translate\masks\1029_translate.png
translate\images\1030_translate.png,translate\masks\1030_translate.png
translate\images\1031_translate.png,translate\masks\1031_translate.png
translate\images\1032_translate.png,translate\masks\1032_translate.png
translate\images\1033_translate.png,translate\masks\1033_translate.png
translate\images\1034_translate.png,translate\masks\1034_translate.png
translate\images\1035_translate.png,translate\masks\1035_translate.png
translate\images\1036_translate.png,translate\masks\1036_translate.png
translate\images\1037_translate.png,translate\masks\1037_translate.png
translate\images\1038_translate.png,translate\masks\1038_translate.png
translate\images\1039_translate.png,translate\masks\1039_translate.png
translate\images\1040_translate.png,translate\masks\1040_translate.png
translate\images\1041_translate.png,translate\masks\1041_translate.png
translate\images\1042_translate.png,translate\masks\1042_translate.png
translate\images\1043_translate.png,translate\masks\1043_translate.png
translate\images\1044_translate.png,translate\masks\1044_translate.png
translate\images\1045_translate.png,translate\masks\1045_translate.png
translate\images\1046_translate.png,translate\masks\1046_translate.png
translate\images\1047_translate.png,translate\masks\1047_translate.png
translate\images\1048_translate.png,translate\masks\1048_translate.png
translate\images\1049_translate.png,translate\masks\1049_translate.png
translate\images\1050_translate.png,translate\masks\1050_translate.png
translate\images\1051_translate.png,translate\masks\1051_translate.png
translate\images\1052_translate.png,translate\masks\1052_translate.png
translate\images\1053_translate.png,translate\masks\1053_translate.png
translate\images\1054_translate.png,translate\masks\1054_translate.png
translate\images\1055_translate.png,translate\masks\1055_translate.png
translate\images\1056_translate.png,translate\masks\1056_translate.png
translate\images\1057_translate.png,translate\masks\1057_translate.png
translate\images\1058_translate.png,translate\masks\1058_translate.png
translate\images\1059_translate.png,translate\masks\1059_translate.png
translate\images\1060_translate.png,translate\masks\1060_translate.png
translate\images\1061_translate.png,translate\masks\1061_translate.png
translate\images\1062_translate.png,translate\masks\1062_translate.png
translate\images\1063_translate.png,translate\masks\1063_translate.png
translate\images\1064_translate.png,translate\masks\1064_translate.png
translate\images\1065_translate.png,translate\masks\1065_translate.png
translate\images\1066_translate.png,translate\masks\1066_translate.png
translate\images\1067_translate.png,translate\masks\1067_translate.png
translate\images\1068_translate.png,translate\masks\1068_translate.png
translate\images\1069_translate.png,translate\masks\1069_translate.png
translate\images\1070_translate.png,translate\masks\1070_translate.png
translate\images\1071_translate.png,translate\masks\1071_translate.png
translate\images\1072_translate.png,translate\masks\1072_translate.png
translate\images\1073_translate.png,translate\masks\1073_translate.png
translate\images\1074_translate.png,translate\masks\1074_translate.png
translate\images\1075_translate.png,translate\masks\1075_translate.png
translate\images\1076_translate.png,translate\masks\1076_translate.png
translate\images\1077_translate.png,translate\masks\1077_translate.png
translate\images\1078_translate.png,translate\masks\1078_translate.png
translate\images\1079_translate.png,translate\masks\1079_translate.png
translate\images\1080_translate.png,translate\masks\1080_translate.png
translate\images\1081_translate.png,translate\masks\1081_translate.png
translate\images\1082_translate.png,translate\masks\1082_translate.png
translate\images\1083_translate.png,translate\masks\1083_translate.png
translate\images\1084_translate.png,translate\masks\1084_translate.png
translate\images\1085_translate.png,translate\masks\1085_translate.png
translate\images\1086_translate.png,translate\masks\1086_translate.png
translate\images\1087_translate.png,translate\masks\1087_translate.png
scale\images\0_scale.png,scale\masks\0_scale.png
scale\images\1_scale.png,scale\masks\1_scale.png
scale\images\2_scale.png,scale\masks\2_scale.png
scale\images\3_scale.png,scale\masks\3_scale.png
scale\images\4_scale.png,scale\masks\4_scale.png
scale\images\5_scale.png,scale\masks\5_scale.png
scale\images\6_scale.png,scale\masks\6_scale.png
scale\images\7_scale.png,scale\masks\7_scale.png
scale\images\8_scale.png,scale\masks\8_scale.png
scale\images\9_scale.png,scale\masks\9_scale.png
scale\images\10_scale.png,scale\masks\10_scale.png
scale\images\11_scale.png,scale\masks\11_scale.png
scale\images\12_scale.png,scale\masks\12_scale.png
scale\images\13_scale.png,scale\masks\13_scale.png
scale\images\14_scale.png,scale\masks\14_scale.png
scale\images\15_scale.png,scale\masks\15_scale.png
scale\images\16_scale.png,scale\masks\16_scale.png
scale\images\17_scale.png,scale\masks\17_scale.png
scale\images\18_scale.png,scale\masks\18_scale.png
scale\images\19_scale.png,scale\masks\19_scale.png
scale\images\20_scale.png,scale\masks\20_scale.png
scale\images\21_scale.png,scale\masks\21_scale.png
scale\images\22_scale.png,scale\masks\22_scale.png
scale\images\23_scale.png,scale\masks\23_scale.png
scale\images\24_scale.png,scale\masks\24_scale.png
scale\images\25_scale.png,scale\masks\25_scale.png
scale\images\26_scale.png,scale\masks\26_scale.png
scale\images\27_scale.png,scale\masks\27_scale.png
scale\images\28_scale.png,scale\masks\28_scale.png
scale\images\29_scale.png,scale\masks\29_scale.png
scale\images\30_scale.png,scale\masks\30_scale.png
scale\images\31_scale.png,scale\masks\31_scale.png
scale\images\32_scale.png,scale\masks\32_scale.png
scale\images\33_scale.png,scale\masks\33_scale.png
scale\images\34_scale.png,scale\masks\34_scale.png
scale\images\35_scale.png,scale\masks\35_scale.png
scale\images\36_scale.png,scale\masks\36_scale.png
scale\images\37_scale.png,scale\masks\37_scale.png
scale\images\38_scale.png,scale\masks\38_scale.png
scale\images\39_scale.png,scale\masks\39_scale.png
scale\images\40_scale.png,scale\masks\40_scale.png
scale\images\41_scale.png,scale\masks\41_scale.png
scale\images\42_scale.png,scale\masks\42_scale.png
scale\images\43_scale.png,scale\masks\43_scale.png
scale\images\44_scale.png,scale\masks\44_scale.png
scale\images\45_scale.png,scale\masks\45_scale.png
scale\images\46_scale.png,scale\masks\46_scale.png
scale\images\47_scale.png,scale\masks\47_scale.png
scale\images\48_scale.png,scale\masks\48_scale.png
scale\images\49_scale.png,scale\masks\49_scale.png
scale\images\2001_scale.png,scale\masks\2001_scale.png
scale\images\2002_scale.png,scale\masks\2002_scale.png
scale\images\2003_scale.png,scale\masks\2003_scale.png
scale\images\2004_scale.png,scale\masks\2004_scale.png
scale\images\2005_scale.png,scale\masks\2005_scale.png
scale\images\2006_scale.png,scale\masks\2006_scale.png
scale\images\2007_scale.png,scale\masks\2007_scale.png
scale\images\2008_scale.png,scale\masks\2008_scale.png
scale\images\2009_scale.png,scale\masks\2009_scale.png
scale\images\2010_scale.png,scale\masks\2010_scale.png
scale\images\2011_scale.png,scale\masks\2011_scale.png
scale\images\2012_scale.png,scale\masks\2012_scale.png
scale\images\2013_scale.png,scale\masks\2013_scale.png
scale\images\2014_scale.png,scale\masks\2014_scale.png
scale\images\2015_scale.png,scale\masks\2015_scale.png
scale\images\2016_scale.png,scale\masks\2016_scale.png
scale\images\2017_scale.png,scale\masks\2017_scale.png
scale\images\2018_scale.png,scale\masks\2018_scale.png
scale\images\2019_scale.png,scale\masks\2019_scale.png
scale\images\2020_scale.png,scale\masks\2020_scale.png
scale\images\2021_scale.png,scale\masks\2021_scale.png
scale\images\2022_scale.png,scale\masks\2022_scale.png
scale\images\2023_scale.png,scale\masks\2023_scale.png
scale\images\2024_scale.png,scale\masks\2024_scale.png
scale\images\2025_scale.png,scale\masks\2025_scale.png
scale\images\2026_scale.png,scale\masks\2026_scale.png
scale\images\2027_scale.png,scale\masks\2027_scale.png
scale\images\2028_scale.png,scale\masks\2028_scale.png
scale\images\2029_scale.png,scale\masks\2029_scale.png
scale\images\2030_scale.png,scale\masks\2030_scale.png
scale\images\2031_scale.png,scale\masks\2031_scale.png
scale\images\2032_scale.png,scale\masks\2032_scale.png
scale\images\2033_scale.png,scale\masks\2033_scale.png
scale\images\2034_scale.png,scale\masks\2034_scale.png
scale\images\2035_scale.png,scale\masks\2035_scale.png
scale\images\2036_scale.png,scale\masks\2036_scale.png
scale\images\2037_scale.png,scale\masks\2037_scale.png
scale\images\2038_scale.png,scale\masks\2038_scale.png
scale\images\2039_scale.png,scale\masks\2039_scale.png
scale\images\2040_scale.png,scale\masks\2040_scale.png
scale\images\2041_scale.png,scale\masks\2041_scale.png
scale\images\2042_scale.png,scale\masks\2042_scale.png
scale\images\2043_scale.png,scale\masks\2043_scale.png
scale\images\2044_scale.png,scale\masks\2044_scale.png
scale\images\2045_scale.png,scale\masks\2045_scale.png
scale\images\2046_scale.png,scale\masks\2046_scale.png
scale\images\2047_scale.png,scale\masks\2047_scale.png
scale\images\2048_scale.png,scale\masks\2048_scale.png
scale\images\2049_scale.png,scale\masks\2049_scale.png
scale\images\2050_scale.png,scale\masks\2050_scale.png
scale\images\2051_scale.png,scale\masks\2051_scale.png
scale\images\2052_scale.png,scale\masks\2052_scale.png
scale\images\2053_scale.png,scale\masks\2053_scale.png
scale\images\3000_scale.png,scale\masks\3000_scale.png
scale\images\3001_scale.png,scale\masks\3001_scale.png
scale\images\3002_scale.png,scale\masks\3002_scale.png
scale\images\3003_scale.png,scale\masks\3003_scale.png
scale\images\3004_scale.png,scale\masks\3004_scale.png
scale\images\3005_scale.png,scale\masks\3005_scale.png
scale\images\3006_scale.png,scale\masks\3006_scale.png
scale\images\3007_scale.png,scale\masks\3007_scale.png
scale\images\3008_scale.png,scale\masks\3008_scale.png
scale\images\3009_scale.png,scale\masks\3009_scale.png
scale\images\3010_scale.png,scale\masks\3010_scale.png
scale\images\3011_scale.png,scale\masks\3011_scale.png
scale\images\3012_scale.png,scale\masks\3012_scale.png
scale\images\3013_scale.png,scale\masks\3013_scale.png
scale\images\3014_scale.png,scale\masks\3014_scale.png
scale\images\3015_scale.png,scale\masks\3015_scale.png
scale\images\3016_scale.png,scale\masks\3016_scale.png
scale\images\3017_scale.png,scale\masks\3017_scale.png
scale\images\3018_scale.png,scale\masks\3018_scale.png
scale\images\3019_scale.png,scale\masks\3019_scale.png
scale\images\3020_scale.png,scale\masks\3020_scale.png
scale\images\3021_scale.png,scale\masks\3021_scale.png
scale\images\3022_scale.png,scale\masks\3022_scale.png
scale\images\3023_scale.png,scale\masks\3023_scale.png
scale\images\3024_scale.png,scale\masks\3024_scale.png
scale\images\3025_scale.png,scale\masks\3025_scale.png
scale\images\3026_scale.png,scale\masks\3026_scale.png
scale\images\3027_scale.png,scale\masks\3027_scale.png
scale\images\3028_scale.png,scale\masks\3028_scale.png
scale\images\3029_scale.png,scale\masks\3029_scale.png
scale\images\3030_scale.png,scale\masks\3030_scale.png
scale\images\3031_scale.png,scale\masks\3031_scale.png
scale\images\3032_scale.png,scale\masks\3032_scale.png
scale\images\3033_scale.png,scale\masks\3033_scale.png
scale\images\3034_scale.png,scale\masks\3034_scale.png
scale\images\3035_scale.png,scale\masks\3035_scale.png
scale\images\3036_scale.png,scale\masks\3036_scale.png
scale\images\3037_scale.png,scale\masks\3037_scale.png
scale\images\3038_scale.png,scale\masks\3038_scale.png
scale\images\3039_scale.png,scale\masks\3039_scale.png
scale\images\3040_scale.png,scale\masks\3040_scale.png
scale\images\3041_scale.png,scale\masks\3041_scale.png
scale\images\3042_scale.png,scale\masks\3042_scale.png
scale\images\3043_scale.png,scale\masks\3043_scale.png
scale\images\3044_scale.png,scale\masks\3044_scale.png
scale\images\3045_scale.png,scale\masks\3045_scale.png
scale\images\3046_scale.png,scale\masks\3046_scale.png
scale\images\3047_scale.png,scale\masks\3047_scale.png
scale\images\3048_scale.png,scale\masks\3048_scale.png
scale\images\3049_scale.png,scale\masks\3049_scale.png
scale\images\3050_scale.png,scale\masks\3050_scale.png
scale\images\3051_scale.png,scale\masks\3051_scale.png
scale\images\3052_scale.png,scale\masks\3052_scale.png
scale\images\3053_scale.png,scale\masks\3053_scale.png
scale\images\3054_scale.png,scale\masks\3054_scale.png
scale\images\3055_scale.png,scale\masks\3055_scale.png
scale\images\3056_scale.png,scale\masks\3056_scale.png
scale\images\3057_scale.png,scale\masks\3057_scale.png
scale\images\3058_scale.png,scale\masks\3058_scale.png
scale\images\3059_scale.png,scale\masks\3059_scale.png
scale\images\3060_scale.png,scale\masks\3060_scale.png
scale\images\3061_scale.png,scale\masks\3061_scale.png
scale\images\3062_scale.png,scale\masks\3062_scale.png
scale\images\3063_scale.png,scale\masks\3063_scale.png
scale\images\3064_scale.png,scale\masks\3064_scale.png
scale\images\3065_scale.png,scale\masks\3065_scale.png
scale\images\3066_scale.png,scale\masks\3066_scale.png
scale\images\3067_scale.png,scale\masks\3067_scale.png
scale\images\3068_scale.png,scale\masks\3068_scale.png
scale\images\3069_scale.png,scale\masks\3069_scale.png
scale\images\3070_scale.png,scale\masks\3070_scale.png
scale\images\3071_scale.png,scale\masks\3071_scale.png
scale\images\3072_scale.png,scale\masks\3072_scale.png
scale\images\3073_scale.png,scale\masks\3073_scale.png
scale\images\3074_scale.png,scale\masks\3074_scale.png
scale\images\3075_scale.png,scale\masks\3075_scale.png
scale\images\3076_scale.png,scale\masks\3076_scale.png
scale\images\3077_scale.png,scale\masks\3077_scale.png
scale\images\3078_scale.png,scale\masks\3078_scale.png
scale\images\3079_scale.png,scale\masks\3079_scale.png
scale\images\3080_scale.png,scale\masks\3080_scale.png
scale\images\3081_scale.png,scale\masks\3081_scale.png
scale\images\3082_scale.png,scale\masks\3082_scale.png
scale\images\3083_scale.png,scale\masks\3083_scale.png
scale\images\3084_scale.png,scale\masks\3084_scale.png
scale\images\3085_scale.png,scale\masks\3085_scale.png
scale\images\3086_scale.png,scale\masks\3086_scale.png
scale\images\3087_scale.png,scale\masks\3087_scale.png
scale\images\3088_scale.png,scale\masks\3088_scale.png
scale\images\3089_scale.png,scale\masks\3089_scale.png
scale\images\3090_scale.png,scale\masks\3090_scale.png
scale\images\3091_scale.png,scale\masks\3091_scale.png
scale\images\3092_scale.png,scale\masks\3092_scale.png
scale\images\3093_scale.png,scale\masks\3093_scale.png
scale\images\3094_scale.png,scale\masks\3094_scale.png
scale\images\3095_scale.png,scale\masks\3095_scale.png
scale\images\3096_scale.png,scale\masks\3096_scale.png
scale\images\3097_scale.png,scale\masks\3097_scale.png
scale\images\3098_scale.png,scale\masks\3098_scale.png
scale\images\1000_scale.png,scale\masks\1000_scale.png
scale\images\1001_scale.png,scale\masks\1001_scale.png
scale\images\1002_scale.png,scale\masks\1002_scale.png
scale\images\1003_scale.png,scale\masks\1003_scale.png
scale\images\1004_scale.png,scale\masks\1004_scale.png
scale\images\1005_scale.png,scale\masks\1005_scale.png
scale\images\1006_scale.png,scale\masks\1006_scale.png
scale\images\1007_scale.png,scale\masks\1007_scale.png
scale\images\1008_scale.png,scale\masks\1008_scale.png
scale\images\1009_scale.png,scale\masks\1009_scale.png
scale\images\1010_scale.png,scale\masks\1010_scale.png
scale\images\1011_scale.png,scale\masks\1011_scale.png
scale\images\1012_scale.png,scale\masks\1012_scale.png
scale\images\1013_scale.png,scale\masks\1013_scale.png
scale\images\1014_scale.png,scale\masks\1014_scale.png
scale\images\1015_scale.png,scale\masks\1015_scale.png
scale\images\1016_scale.png,scale\masks\1016_scale.png
scale\images\1017_scale.png,scale\masks\1017_scale.png
scale\images\1018_scale.png,scale\masks\1018_scale.png
scale\images\1019_scale.png,scale\masks\1019_scale.png
scale\images\1020_scale.png,scale\masks\1020_scale.png
scale\images\1021_scale.png,scale\masks\1021_scale.png
scale\images\1022_scale.png,scale\masks\1022_scale.png
scale\images\1023_scale.png,scale\masks\1023_scale.png
scale\images\1024_scale.png,scale\masks\1024_scale.png
scale\images\1025_scale.png,scale\masks\1025_scale.png
scale\images\1026_scale.png,scale\masks\1026_scale.png
scale\images\1027_scale.png,scale\masks\1027_scale.png
scale\images\1028_scale.png,scale\masks\1028_scale.png
scale\images\1029_scale.png,scale\masks\1029_scale.png
scale\images\1030_scale.png,scale\masks\1030_scale.png
scale\images\1031_scale.png,scale\masks\1031_scale.png
scale\images\1032_scale.png,scale\masks\1032_scale.png
scale\images\1033_scale.png,scale\masks\1033_scale.png
scale\images\1034_scale.png,scale\masks\1034_scale.png
scale\images\1035_scale.png,scale\masks\1035_scale.png
scale\images\1036_scale.png,scale\masks\1036_scale.png
scale\images\1037_scale.png,scale\masks\1037_scale.png
scale\images\1038_scale.png,scale\masks\1038_scale.png
scale\images\1039_scale.png,scale\masks\1039_scale.png
scale\images\1040_scale.png,scale\masks\1040_scale.png
scale\images\1041_scale.png,scale\masks\1041_scale.png
scale\images\1042_scale.png,scale\masks\1042_scale.png
scale\images\1043_scale.png,scale\masks\1043_scale.png
scale\images\1044_scale.png,scale\masks\1044_scale.png
scale\images\1045_scale.png,scale\masks\1045_scale.png
scale\images\1046_scale.png,scale\masks\1046_scale.png
scale\images\1047_scale.png,scale\masks\1047_scale.png
scale\images\1048_scale.png,scale\masks\1048_scale.png
scale\images\1049_scale.png,scale\masks\1049_scale.png
scale\images\1050_scale.png,scale\masks\1050_scale.png
scale\images\1051_scale.png,scale\masks\1051_scale.png
scale\images\1052_scale.png,scale\masks\1052_scale.png
scale\images\1053_scale.png,scale\masks\1053_scale.png
scale\images\1054_scale.png,scale\masks\1054_scale.png
scale\images\1055_scale.png,scale\masks\1055_scale.png
scale\images\1056_scale.png,scale\masks\1056_scale.png
scale\images\1057_scale.png,scale\masks\1057_scale.png
scale\images\1058_scale.png,scale\masks\1058_scale.png
scale\images\1059_scale.png,scale\masks\1059_scale.png
scale\images\1060_scale.png,scale\masks\1060_scale.png
scale\images\1061_scale.png,scale\masks\1061_scale.png
scale\images\1062_scale.png,scale\masks\1062_scale.png
scale\images\1063_scale.png,scale\masks\1063_scale.png
scale\images\1064_scale.png,scale\masks\1064_scale.png
scale\images\1065_scale.png,scale\masks\1065_scale.png
scale\images\1066_scale.png,scale\masks\1066_scale.png
scale\images\1067_scale.png,scale\masks\1067_scale.png
scale\images\1068_scale.png,scale\masks\1068_scale.png
scale\images\1069_scale.png,scale\masks\1069_scale.png
scale\images\1070_scale.png,scale\masks\1070_scale.png
scale\images\1071_scale.png,scale\masks\1071_scale.png
scale\images\1072_scale.png,scale\masks\1072_scale.png
scale\images\1073_scale.png,scale\masks\1073_scale.png
scale\images\1074_scale.png,scale\masks\1074_scale.png
scale\images\1075_scale.png,scale\masks\1075_scale.png
scale\images\1076_scale.png,scale\masks\1076_scale.png
scale\images\1077_scale.png,scale\masks\1077_scale.png
scale\images\1078_scale.png,scale\masks\1078_scale.png
scale\images\1079_scale.png,scale\masks\1079_scale.png
scale\images\1080_scale.png,scale\masks\1080_scale.png
scale\images\1081_scale.png,scale\masks\1081_scale.png
scale\images\1082_scale.png,scale\masks\1082_scale.png
scale\images\1083_scale.png,scale\masks\1083_scale.png
scale\images\1084_scale.png,scale\masks\1084_scale.png
scale\images\1085_scale.png,scale\masks\1085_scale.png
scale\images\1086_scale.png,scale\masks\1086_scale.png
scale\images\1087_scale.png,scale\masks\1087_scale.png
flip\images\0_flip.png,flip\masks\0_flip.png
flip\images\1_flip.png,flip\masks\1_flip.png
flip\images\2_flip.png,flip\masks\2_flip.png
flip\images\3_flip.png,flip\masks\3_flip.png
flip\images\4_flip.png,flip\masks\4_flip.png
flip\images\5_flip.png,flip\masks\5_flip.png
flip\images\6_flip.png,flip\masks\6_flip.png
flip\images\7_flip.png,flip\masks\7_flip.png
flip\images\8_flip.png,flip\masks\8_flip.png
flip\images\9_flip.png,flip\masks\9_flip.png
flip\images\10_flip.png,flip\masks\10_flip.png
flip\images\11_flip.png,flip\masks\11_flip.png
flip\images\12_flip.png,flip\masks\12_flip.png
flip\images\13_flip.png,flip\masks\13_flip.png
flip\images\14_flip.png,flip\masks\14_flip.png
flip\images\15_flip.png,flip\masks\15_flip.png
flip\images\16_flip.png,flip\masks\16_flip.png
flip\images\17_flip.png,flip\masks\17_flip.png
flip\images\18_flip.png,flip\masks\18_flip.png
flip\images\19_flip.png,flip\masks\19_flip.png
flip\images\20_flip.png,flip\masks\20_flip.png
flip\images\21_flip.png,flip\masks\21_flip.png
flip\images\22_flip.png,flip\masks\22_flip.png
flip\images\23_flip.png,flip\masks\23_flip.png
flip\images\24_flip.png,flip\masks\24_flip.png
flip\images\25_flip.png,flip\masks\25_flip.png
flip\images\26_flip.png,flip\masks\26_flip.png
flip\images\27_flip.png,flip\masks\27_flip.png
flip\images\28_flip.png,flip\masks\28_flip.png
flip\images\29_flip.png,flip\masks\29_flip.png
flip\images\30_flip.png,flip\masks\30_flip.png
flip\images\31_flip.png,flip\masks\31_flip.png
flip\images\32_flip.png,flip\masks\32_flip.png
flip\images\33_flip.png,flip\masks\33_flip.png
flip\images\34_flip.png,flip\masks\34_flip.png
flip\images\35_flip.png,flip\masks\35_flip.png
flip\images\36_flip.png,flip\masks\36_flip.png
flip\images\37_flip.png,flip\masks\37_flip.png
flip\images\38_flip.png,flip\masks\38_flip.png
flip\images\39_flip.png,flip\masks\39_flip.png
flip\images\40_flip.png,flip\masks\40_flip.png
flip\images\41_flip.png,flip\masks\41_flip.png
flip\images\42_flip.png,flip\masks\42_flip.png
flip\images\43_flip.png,flip\masks\43_flip.png
flip\images\44_flip.png,flip\masks\44_flip.png
flip\images\45_flip.png,flip\masks\45_flip.png
flip\images\46_flip.png,flip\masks\46_flip.png
flip\images\47_flip.png,flip\masks\47_flip.png
flip\images\48_flip.png,flip\masks\48_flip.png
flip\images\49_flip.png,flip\masks\49_flip.png
flip\images\2001_flip.png,flip\masks\2001_flip.png
flip\images\2002_flip.png,flip\masks\2002_flip.png
flip\images\2003_flip.png,flip\masks\2003_flip.png
flip\images\2004_flip.png,flip\masks\2004_flip.png
flip\images\2005_flip.png,flip\masks\2005_flip.png
flip\images\2006_flip.png,flip\masks\2006_flip.png
flip\images\2007_flip.png,flip\masks\2007_flip.png
flip\images\2008_flip.png,flip\masks\2008_flip.png
flip\images\2009_flip.png,flip\masks\2009_flip.png
flip\images\2010_flip.png,flip\masks\2010_flip.png
flip\images\2011_flip.png,flip\masks\2011_flip.png
flip\images\2012_flip.png,flip\masks\2012_flip.png
flip\images\2013_flip.png,flip\masks\2013_flip.png
flip\images\2014_flip.png,flip\masks\2014_flip.png
flip\images\2015_flip.png,flip\masks\2015_flip.png
flip\images\2016_flip.png,flip\masks\2016_flip.png
flip\images\2017_flip.png,flip\masks\2017_flip.png
flip\images\2018_flip.png,flip\masks\2018_flip.png
flip\images\2019_flip.png,flip\masks\2019_flip.png
flip\images\2020_flip.png,flip\masks\2020_flip.png
flip\images\2021_flip.png,flip\masks\2021_flip.png
flip\images\2022_flip.png,flip\masks\2022_flip.png
flip\images\2023_flip.png,flip\masks\2023_flip.png
flip\images\2024_flip.png,flip\masks\2024_flip.png
flip\images\2025_flip.png,flip\masks\2025_flip.png
flip\images\2026_flip.png,flip\masks\2026_flip.png
flip\images\2027_flip.png,flip\masks\2027_flip.png
flip\images\2028_flip.png,flip\masks\2028_flip.png
flip\images\2029_flip.png,flip\masks\2029_flip.png
flip\images\2030_flip.png,flip\masks\2030_flip.png
flip\images\2031_flip.png,flip\masks\2031_flip.png
flip\images\2032_flip.png,flip\masks\2032_flip.png
flip\images\2033_flip.png,flip\masks\2033_flip.png
flip\images\2034_flip.png,flip\masks\2034_flip.png
flip\images\2035_flip.png,flip\masks\2035_flip.png
flip\images\2036_flip.png,flip\masks\2036_flip.png
flip\images\2037_flip.png,flip\masks\2037_flip.png
flip\images\2038_flip.png,flip\masks\2038_flip.png
flip\images\2039_flip.png,flip\masks\2039_flip.png
flip\images\2040_flip.png,flip\masks\2040_flip.png
flip\images\2041_flip.png,flip\masks\2041_flip.png
flip\images\2042_flip.png,flip\masks\2042_flip.png
flip\images\2043_flip.png,flip\masks\2043_flip.png
flip\images\2044_flip.png,flip\masks\2044_flip.png
flip\images\2045_flip.png,flip\masks\2045_flip.png
flip\images\2046_flip.png,flip\masks\2046_flip.png
flip\images\2047_flip.png,flip\masks\2047_flip.png
flip\images\2048_flip.png,flip\masks\2048_flip.png
flip\images\2049_flip.png,flip\masks\2049_flip.png
flip\images\2050_flip.png,flip\masks\2050_flip.png
flip\images\2051_flip.png,flip\masks\2051_flip.png
flip\images\2052_flip.png,flip\masks\2052_flip.png
flip\images\2053_flip.png,flip\masks\2053_flip.png
flip\images\3000_flip.png,flip\masks\3000_flip.png
flip\images\3001_flip.png,flip\masks\3001_flip.png
flip\images\3002_flip.png,flip\masks\3002_flip.png
flip\images\3003_flip.png,flip\masks\3003_flip.png
flip\images\3004_flip.png,flip\masks\3004_flip.png
flip\images\3005_flip.png,flip\masks\3005_flip.png
flip\images\3006_flip.png,flip\masks\3006_flip.png
flip\images\3007_flip.png,flip\masks\3007_flip.png
flip\images\3008_flip.png,flip\masks\3008_flip.png
flip\images\3009_flip.png,flip\masks\3009_flip.png
flip\images\3010_flip.png,flip\masks\3010_flip.png
flip\images\3011_flip.png,flip\masks\3011_flip.png
flip\images\3012_flip.png,flip\masks\3012_flip.png
flip\images\3013_flip.png,flip\masks\3013_flip.png
flip\images\3014_flip.png,flip\masks\3014_flip.png
flip\images\3015_flip.png,flip\masks\3015_flip.png
flip\images\3016_flip.png,flip\masks\3016_flip.png
flip\images\3017_flip.png,flip\masks\3017_flip.png
flip\images\3018_flip.png,flip\masks\3018_flip.png
flip\images\3019_flip.png,flip\masks\3019_flip.png
flip\images\3020_flip.png,flip\masks\3020_flip.png
flip\images\3021_flip.png,flip\masks\3021_flip.png
flip\images\3022_flip.png,flip\masks\3022_flip.png
flip\images\3023_flip.png,flip\masks\3023_flip.png
flip\images\3024_flip.png,flip\masks\3024_flip.png
flip\images\3025_flip.png,flip\masks\3025_flip.png
flip\images\3026_flip.png,flip\masks\3026_flip.png
flip\images\3027_flip.png,flip\masks\3027_flip.png
flip\images\3028_flip.png,flip\masks\3028_flip.png
flip\images\3029_flip.png,flip\masks\3029_flip.png
flip\images\3030_flip.png,flip\masks\3030_flip.png
flip\images\3031_flip.png,flip\masks\3031_flip.png
flip\images\3032_flip.png,flip\masks\3032_flip.png
flip\images\3033_flip.png,flip\masks\3033_flip.png
flip\images\3034_flip.png,flip\masks\3034_flip.png
flip\images\3035_flip.png,flip\masks\3035_flip.png
flip\images\3036_flip.png,flip\masks\3036_flip.png
flip\images\3037_flip.png,flip\masks\3037_flip.png
flip\images\3038_flip.png,flip\masks\3038_flip.png
flip\images\3039_flip.png,flip\masks\3039_flip.png
flip\images\3040_flip.png,flip\masks\3040_flip.png
flip\images\3041_flip.png,flip\masks\3041_flip.png
flip\images\3042_flip.png,flip\masks\3042_flip.png
flip\images\3043_flip.png,flip\masks\3043_flip.png
flip\images\3044_flip.png,flip\masks\3044_flip.png
flip\images\3045_flip.png,flip\masks\3045_flip.png
flip\images\3046_flip.png,flip\masks\3046_flip.png
flip\images\3047_flip.png,flip\masks\3047_flip.png
flip\images\3048_flip.png,flip\masks\3048_flip.png
flip\images\3049_flip.png,flip\masks\3049_flip.png
flip\images\3050_flip.png,flip\masks\3050_flip.png
flip\images\3051_flip.png,flip\masks\3051_flip.png
flip\images\3052_flip.png,flip\masks\3052_flip.png
flip\images\3053_flip.png,flip\masks\3053_flip.png
flip\images\3054_flip.png,flip\masks\3054_flip.png
flip\images\3055_flip.png,flip\masks\3055_flip.png
flip\images\3056_flip.png,flip\masks\3056_flip.png
flip\images\3057_flip.png,flip\masks\3057_flip.png
flip\images\3058_flip.png,flip\masks\3058_flip.png
flip\images\3059_flip.png,flip\masks\3059_flip.png
flip\images\3060_flip.png,flip\masks\3060_flip.png
flip\images\3061_flip.png,flip\masks\3061_flip.png
flip\images\3062_flip.png,flip\masks\3062_flip.png
flip\images\3063_flip.png,flip\masks\3063_flip.png
flip\images\3064_flip.png,flip\masks\3064_flip.png
flip\images\3065_flip.png,flip\masks\3065_flip.png
flip\images\3066_flip.png,flip\masks\3066_flip.png
flip\images\3067_flip.png,flip\masks\3067_flip.png
flip\images\3068_flip.png,flip\masks\3068_flip.png
flip\images\3069_flip.png,flip\masks\3069_flip.png
flip\images\3070_flip.png,flip\masks\3070_flip.png
flip\images\3071_flip.png,flip\masks\3071_flip.png
flip\images\3072_flip.png,flip\masks\3072_flip.png
flip\images\3073_flip.png,flip\masks\3073_flip.png
flip\images\3074_flip.png,flip\masks\3074_flip.png
flip\images\3075_flip.png,flip\masks\3075_flip.png
flip\images\3076_flip.png,flip\masks\3076_flip.png
flip\images\3077_flip.png,flip\masks\3077_flip.png
flip\images\3078_flip.png,flip\masks\3078_flip.png
flip\images\3079_flip.png,flip\masks\3079_flip.png
flip\images\3080_flip.png,flip\masks\3080_flip.png
flip\images\3081_flip.png,flip\masks\3081_flip.png
flip\images\3082_flip.png,flip\masks\3082_flip.png
flip\images\3083_flip.png,flip\masks\3083_flip.png
flip\images\3084_flip.png,flip\masks\3084_flip.png
flip\images\3085_flip.png,flip\masks\3085_flip.png
flip\images\3086_flip.png,flip\masks\3086_flip.png
flip\images\3087_flip.png,flip\masks\3087_flip.png
flip\images\3088_flip.png,flip\masks\3088_flip.png
flip\images\3089_flip.png,flip\masks\3089_flip.png
flip\images\3090_flip.png,flip\masks\3090_flip.png
flip\images\3091_flip.png,flip\masks\3091_flip.png
flip\images\3092_flip.png,flip\masks\3092_flip.png
flip\images\3093_flip.png,flip\masks\3093_flip.png
flip\images\3094_flip.png,flip\masks\3094_flip.png
flip\images\3095_flip.png,flip\masks\3095_flip.png
flip\images\3096_flip.png,flip\masks\3096_flip.png
flip\images\3097_flip.png,flip\masks\3097_flip.png
flip\images\3098_flip.png,flip\masks\3098_flip.png
flip\images\1000_flip.png,flip\masks\1000_flip.png
flip\images\1001_flip.png,flip\masks\1001_flip.png
flip\images\1002_flip.png,flip\masks\1002_flip.png
flip\images\1003_flip.png,flip\masks\1003_flip.png
flip\images\1004_flip.png,flip\masks\1004_flip.png
flip\images\1005_flip.png,flip\masks\1005_flip.png
flip\images\1006_flip.png,flip\masks\1006_flip.png
flip\images\1007_flip.png,flip\masks\1007_flip.png
flip\images\1008_flip.png,flip\masks\1008_flip.png
flip\images\1009_flip.png,flip\masks\1009_flip.png
flip\images\1010_flip.png,flip\masks\1010_flip.png
flip\images\1011_flip.png,flip\masks\1011_flip.png
flip\images\1012_flip.png,flip\masks\1012_flip.png
flip\images\1013_flip.png,flip\masks\1013_flip.png
flip\images\1014_flip.png,flip\masks\1014_flip.png
flip\images\1015_flip.png,flip\masks\1015_flip.png
flip\images\1016_flip.png,flip\masks\1016_flip.png
flip\images\1017_flip.png,flip\masks\1017_flip.png
flip\images\1018_flip.png,flip\masks\1018_flip.png
flip\images\1019_flip.png,flip\masks\1019_flip.png
flip\images\1020_flip.png,flip\masks\1020_flip.png
flip\images\1021_flip.png,flip\masks\1021_flip.png
flip\images\1022_flip.png,flip\masks\1022_flip.png
flip\images\1023_flip.png,flip\masks\1023_flip.png
flip\images\1024_flip.png,flip\masks\1024_flip.png
flip\images\1025_flip.png,flip\masks\1025_flip.png
flip\images\1026_flip.png,flip\masks\1026_flip.png
flip\images\1027_flip.png,flip\masks\1027_flip.png
flip\images\1028_flip.png,flip\masks\1028_flip.png
flip\images\1029_flip.png,flip\masks\1029_flip.png
flip\images\1030_flip.png,flip\masks\1030_flip.png
flip\images\1031_flip.png,flip\masks\1031_flip.png
flip\images\1032_flip.png,flip\masks\1032_flip.png
flip\images\1033_flip.png,flip\masks\1033_flip.png
flip\images\1034_flip.png,flip\masks\1034_flip.png
flip\images\1035_flip.png,flip\masks\1035_flip.png
flip\images\1036_flip.png,flip\masks\1036_flip.png
flip\images\1037_flip.png,flip\masks\1037_flip.png
flip\images\1038_flip.png,flip\masks\1038_flip.png
flip\images\1039_flip.png,flip\masks\1039_flip.png
flip\images\1040_flip.png,flip\masks\1040_flip.png
flip\images\1041_flip.png,flip\masks\1041_flip.png
flip\images\1042_flip.png,flip\masks\1042_flip.png
flip\images\1043_flip.png,flip\masks\1043_flip.png
flip\images\1044_flip.png,flip\masks\1044_flip.png
flip\images\1045_flip.png,flip\masks\1045_flip.png
flip\images\1046_flip.png,flip\masks\1046_flip.png
flip\images\1047_flip.png,flip\masks\1047_flip.png
flip\images\1048_flip.png,flip\masks\1048_flip.png
flip\images\1049_flip.png,flip\masks\1049_flip.png
flip\images\1050_flip.png,flip\masks\1050_flip.png
flip\images\1051_flip.png,flip\masks\1051_flip.png
flip\images\1052_flip.png,flip\masks\1052_flip.png
flip\images\1053_flip.png,flip\masks\1053_flip.png
flip\images\1054_flip.png,flip\masks\1054_flip.png
flip\images\1055_flip.png,flip\masks\1055_flip.png
flip\images\1056_flip.png,flip\masks\1056_flip.png
flip\images\1057_flip.png,flip\masks\1057_flip.png
flip\images\1058_flip.png,flip\masks\1058_flip.png
flip\images\1059_flip.png,flip\masks\1059_flip.png
flip\images\1060_flip.png,flip\masks\1060_flip.png
flip\images\1061_flip.png,flip\masks\1061_flip.png
flip\images\1062_flip.png,flip\masks\1062_flip.png
flip\images\1063_flip.png,flip\masks\1063_flip.png
flip\images\1064_flip.png,flip\masks\1064_flip.png
flip\images\1065_flip.png,flip\masks\1065_flip.png
flip\images\1066_flip.png,flip\masks\1066_flip.png
flip\images\1067_flip.png,flip\masks\1067_flip.png
flip\images\1068_flip.png,flip\masks\1068_flip.png
flip\images\1069_flip.png,flip\masks\1069_flip.png
flip\images\1070_flip.png,flip\masks\1070_flip.png
flip\images\1071_flip.png,flip\masks\1071_flip.png
flip\images\1072_flip.png,flip\masks\1072_flip.png
flip\images\1073_flip.png,flip\masks\1073_flip.png
flip\images\1074_flip.png,flip\masks\1074_flip.png
flip\images\1075_flip.png,flip\masks\1075_flip.png
flip\images\1076_flip.png,flip\masks\1076_flip.png
flip\images\1077_flip.png,flip\masks\1077_flip.png
flip\images\1078_flip.png,flip\masks\1078_flip.png
flip\images\1079_flip.png,flip\masks\1079_flip.png
flip\images\1080_flip.png,flip\masks\1080_flip.png
flip\images\1081_flip.png,flip\masks\1081_flip.png
flip\images\1082_flip.png,flip\masks\1082_flip.png
flip\images\1083_flip.png,flip\masks\1083_flip.png
flip\images\1084_flip.png,flip\masks\1084_flip.png
flip\images\1085_flip.png,flip\masks\1085_flip.png
flip\images\1086_flip.png,flip\masks\1086_flip.png
flip\images\1087_flip.png,flip\masks\1087_flip.png
rotate\images\0_rotate.png,rotate\masks\0_rotate.png
rotate\images\1_rotate.png,rotate\masks\1_rotate.png
rotate\images\2_rotate.png,rotate\masks\2_rotate.png
rotate\images\3_rotate.png,rotate\masks\3_rotate.png
rotate\images\4_rotate.png,rotate\masks\4_rotate.png
rotate\images\5_rotate.png,rotate\masks\5_rotate.png
rotate\images\6_rotate.png,rotate\masks\6_rotate.png
rotate\images\7_rotate.png,rotate\masks\7_rotate.png
rotate\images\8_rotate.png,rotate\masks\8_rotate.png
rotate\images\9_rotate.png,rotate\masks\9_rotate.png
rotate\images\10_rotate.png,rotate\masks\10_rotate.png
rotate\images\11_rotate.png,rotate\masks\11_rotate.png
rotate\images\12_rotate.png,rotate\masks\12_rotate.png
rotate\images\13_rotate.png,rotate\masks\13_rotate.png
rotate\images\14_rotate.png,rotate\masks\14_rotate.png
rotate\images\15_rotate.png,rotate\masks\15_rotate.png
rotate\images\16_rotate.png,rotate\masks\16_rotate.png
rotate\images\17_rotate.png,rotate\masks\17_rotate.png
rotate\images\18_rotate.png,rotate\masks\18_rotate.png
rotate\images\19_rotate.png,rotate\masks\19_rotate.png
rotate\images\20_rotate.png,rotate\masks\20_rotate.png
rotate\images\21_rotate.png,rotate\masks\21_rotate.png
rotate\images\22_rotate.png,rotate\masks\22_rotate.png
rotate\images\23_rotate.png,rotate\masks\23_rotate.png
rotate\images\24_rotate.png,rotate\masks\24_rotate.png
rotate\images\25_rotate.png,rotate\masks\25_rotate.png
rotate\images\26_rotate.png,rotate\masks\26_rotate.png
rotate\images\27_rotate.png,rotate\masks\27_rotate.png
rotate\images\28_rotate.png,rotate\masks\28_rotate.png
rotate\images\29_rotate.png,rotate\masks\29_rotate.png
rotate\images\30_rotate.png,rotate\masks\30_rotate.png
rotate\images\31_rotate.png,rotate\masks\31_rotate.png
rotate\images\32_rotate.png,rotate\masks\32_rotate.png
rotate\images\33_rotate.png,rotate\masks\33_rotate.png
rotate\images\34_rotate.png,rotate\masks\34_rotate.png
rotate\images\35_rotate.png,rotate\masks\35_rotate.png
rotate\images\36_rotate.png,rotate\masks\36_rotate.png
rotate\images\37_rotate.png,rotate\masks\37_rotate.png
rotate\images\38_rotate.png,rotate\masks\38_rotate.png
rotate\images\39_rotate.png,rotate\masks\39_rotate.png
rotate\images\40_rotate.png,rotate\masks\40_rotate.png
rotate\images\41_rotate.png,rotate\masks\41_rotate.png
rotate\images\42_rotate.png,rotate\masks\42_rotate.png
rotate\images\43_rotate.png,rotate\masks\43_rotate.png
rotate\images\44_rotate.png,rotate\masks\44_rotate.png
rotate\images\45_rotate.png,rotate\masks\45_rotate.png
rotate\images\46_rotate.png,rotate\masks\46_rotate.png
rotate\images\47_rotate.png,rotate\masks\47_rotate.png
rotate\images\48_rotate.png,rotate\masks\48_rotate.png
rotate\images\49_rotate.png,rotate\masks\49_rotate.png
rotate\images\2001_rotate.png,rotate\masks\2001_rotate.png
rotate\images\2002_rotate.png,rotate\masks\2002_rotate.png
rotate\images\2003_rotate.png,rotate\masks\2003_rotate.png
rotate\images\2004_rotate.png,rotate\masks\2004_rotate.png
rotate\images\2005_rotate.png,rotate\masks\2005_rotate.png
rotate\images\2006_rotate.png,rotate\masks\2006_rotate.png
rotate\images\2007_rotate.png,rotate\masks\2007_rotate.png
rotate\images\2008_rotate.png,rotate\masks\2008_rotate.png
rotate\images\2009_rotate.png,rotate\masks\2009_rotate.png
rotate\images\2010_rotate.png,rotate\masks\2010_rotate.png
rotate\images\2011_rotate.png,rotate\masks\2011_rotate.png
rotate\images\2012_rotate.png,rotate\masks\2012_rotate.png
rotate\images\2013_rotate.png,rotate\masks\2013_rotate.png
rotate\images\2014_rotate.png,rotate\masks\2014_rotate.png
rotate\images\2015_rotate.png,rotate\masks\2015_rotate.png
rotate\images\2016_rotate.png,rotate\masks\2016_rotate.png
rotate\images\2017_rotate.png,rotate\masks\2017_rotate.png
rotate\images\2018_rotate.png,rotate\masks\2018_rotate.png
rotate\images\2019_rotate.png,rotate\masks\2019_rotate.png
rotate\images\2020_rotate.png,rotate\masks\2020_rotate.png
rotate\images\2021_rotate.png,rotate\masks\2021_rotate.png
rotate\images\2022_rotate.png,rotate\masks\2022_rotate.png
rotate\images\2023_rotate.png,rotate\masks\2023_rotate.png
rotate\images\2024_rotate.png,rotate\masks\2024_rotate.png
rotate\images\2025_rotate.png,rotate\masks\2025_rotate.png
rotate\images\2026_rotate.png,rotate\masks\2026_rotate.png
rotate\images\2027_rotate.png,rotate\masks\2027_rotate.png
rotate\images\2028_rotate.png,rotate\masks\2028_rotate.png
rotate\images\2029_rotate.png,rotate\masks\2029_rotate.png
rotate\images\2030_rotate.png,rotate\masks\2030_rotate.png
rotate\images\2031_rotate.png,rotate\masks\2031_rotate.png
rotate\images\2032_rotate.png,rotate\masks\2032_rotate.png
rotate\images\2033_rotate.png,rotate\masks\2033_rotate.png
rotate\images\2034_rotate.png,rotate\masks\2034_rotate.png
rotate\images\2035_rotate.png,rotate\masks\2035_rotate.png
rotate\images\2036_rotate.png,rotate\masks\2036_rotate.png
rotate\images\2037_rotate.png,rotate\masks\2037_rotate.png
rotate\images\2038_rotate.png,rotate\masks\2038_rotate.png
rotate\images\2039_rotate.png,rotate\masks\2039_rotate.png
rotate\images\2040_rotate.png,rotate\masks\2040_rotate.png
rotate\images\2041_rotate.png,rotate\masks\2041_rotate.png
rotate\images\2042_rotate.png,rotate\masks\2042_rotate.png
rotate\images\2043_rotate.png,rotate\masks\2043_rotate.png
rotate\images\2044_rotate.png,rotate\masks\2044_rotate.png
rotate\images\2045_rotate.png,rotate\masks\2045_rotate.png
rotate\images\2046_rotate.png,rotate\masks\2046_rotate.png
rotate\images\2047_rotate.png,rotate\masks\2047_rotate.png
rotate\images\2048_rotate.png,rotate\masks\2048_rotate.png
rotate\images\2049_rotate.png,rotate\masks\2049_rotate.png
rotate\images\2050_rotate.png,rotate\masks\2050_rotate.png
rotate\images\2051_rotate.png,rotate\masks\2051_rotate.png
rotate\images\2052_rotate.png,rotate\masks\2052_rotate.png
rotate\images\2053_rotate.png,rotate\masks\2053_rotate.png
rotate\images\3000_rotate.png,rotate\masks\3000_rotate.png
rotate\images\3001_rotate.png,rotate\masks\3001_rotate.png
rotate\images\3002_rotate.png,rotate\masks\3002_rotate.png
rotate\images\3003_rotate.png,rotate\masks\3003_rotate.png
rotate\images\3004_rotate.png,rotate\masks\3004_rotate.png
rotate\images\3005_rotate.png,rotate\masks\3005_rotate.png
rotate\images\3006_rotate.png,rotate\masks\3006_rotate.png
rotate\images\3007_rotate.png,rotate\masks\3007_rotate.png
rotate\images\3008_rotate.png,rotate\masks\3008_rotate.png
rotate\images\3009_rotate.png,rotate\masks\3009_rotate.png
rotate\images\3010_rotate.png,rotate\masks\3010_rotate.png
rotate\images\3011_rotate.png,rotate\masks\3011_rotate.png
rotate\images\3012_rotate.png,rotate\masks\3012_rotate.png
rotate\images\3013_rotate.png,rotate\masks\3013_rotate.png
rotate\images\3014_rotate.png,rotate\masks\3014_rotate.png
rotate\images\3015_rotate.png,rotate\masks\3015_rotate.png
rotate\images\3016_rotate.png,rotate\masks\3016_rotate.png
rotate\images\3017_rotate.png,rotate\masks\3017_rotate.png
rotate\images\3018_rotate.png,rotate\masks\3018_rotate.png
rotate\images\3019_rotate.png,rotate\masks\3019_rotate.png
rotate\images\3020_rotate.png,rotate\masks\3020_rotate.png
rotate\images\3021_rotate.png,rotate\masks\3021_rotate.png
rotate\images\3022_rotate.png,rotate\masks\3022_rotate.png
rotate\images\3023_rotate.png,rotate\masks\3023_rotate.png
rotate\images\3024_rotate.png,rotate\masks\3024_rotate.png
rotate\images\3025_rotate.png,rotate\masks\3025_rotate.png
rotate\images\3026_rotate.png,rotate\masks\3026_rotate.png
rotate\images\3027_rotate.png,rotate\masks\3027_rotate.png
rotate\images\3028_rotate.png,rotate\masks\3028_rotate.png
rotate\images\3029_rotate.png,rotate\masks\3029_rotate.png
rotate\images\3030_rotate.png,rotate\masks\3030_rotate.png
rotate\images\3031_rotate.png,rotate\masks\3031_rotate.png
rotate\images\3032_rotate.png,rotate\masks\3032_rotate.png
rotate\images\3033_rotate.png,rotate\masks\3033_rotate.png
rotate\images\3034_rotate.png,rotate\masks\3034_rotate.png
rotate\images\3035_rotate.png,rotate\masks\3035_rotate.png
rotate\images\3036_rotate.png,rotate\masks\3036_rotate.png
rotate\images\3037_rotate.png,rotate\masks\3037_rotate.png
rotate\images\3038_rotate.png,rotate\masks\3038_rotate.png
rotate\images\3039_rotate.png,rotate\masks\3039_rotate.png
rotate\images\3040_rotate.png,rotate\masks\3040_rotate.png
rotate\images\3041_rotate.png,rotate\masks\3041_rotate.png
rotate\images\3042_rotate.png,rotate\masks\3042_rotate.png
rotate\images\3043_rotate.png,rotate\masks\3043_rotate.png
rotate\images\3044_rotate.png,rotate\masks\3044_rotate.png
rotate\images\3045_rotate.png,rotate\masks\3045_rotate.png
rotate\images\3046_rotate.png,rotate\masks\3046_rotate.png
rotate\images\3047_rotate.png,rotate\masks\3047_rotate.png
rotate\images\3048_rotate.png,rotate\masks\3048_rotate.png
rotate\images\3049_rotate.png,rotate\masks\3049_rotate.png
rotate\images\3050_rotate.png,rotate\masks\3050_rotate.png
rotate\images\3051_rotate.png,rotate\masks\3051_rotate.png
rotate\images\3052_rotate.png,rotate\masks\3052_rotate.png
rotate\images\3053_rotate.png,rotate\masks\3053_rotate.png
rotate\images\3054_rotate.png,rotate\masks\3054_rotate.png
rotate\images\3055_rotate.png,rotate\masks\3055_rotate.png
rotate\images\3056_rotate.png,rotate\masks\3056_rotate.png
rotate\images\3057_rotate.png,rotate\masks\3057_rotate.png
rotate\images\3058_rotate.png,rotate\masks\3058_rotate.png
rotate\images\3059_rotate.png,rotate\masks\3059_rotate.png
rotate\images\3060_rotate.png,rotate\masks\3060_rotate.png
rotate\images\3061_rotate.png,rotate\masks\3061_rotate.png
rotate\images\3062_rotate.png,rotate\masks\3062_rotate.png
rotate\images\3063_rotate.png,rotate\masks\3063_rotate.png
rotate\images\3064_rotate.png,rotate\masks\3064_rotate.png
rotate\images\3065_rotate.png,rotate\masks\3065_rotate.png
rotate\images\3066_rotate.png,rotate\masks\3066_rotate.png
rotate\images\3067_rotate.png,rotate\masks\3067_rotate.png
rotate\images\3068_rotate.png,rotate\masks\3068_rotate.png
rotate\images\3069_rotate.png,rotate\masks\3069_rotate.png
rotate\images\3070_rotate.png,rotate\masks\3070_rotate.png
rotate\images\3071_rotate.png,rotate\masks\3071_rotate.png
rotate\images\3072_rotate.png,rotate\masks\3072_rotate.png
rotate\images\3073_rotate.png,rotate\masks\3073_rotate.png
rotate\images\3074_rotate.png,rotate\masks\3074_rotate.png
rotate\images\3075_rotate.png,rotate\masks\3075_rotate.png
rotate\images\3076_rotate.png,rotate\masks\3076_rotate.png
rotate\images\3077_rotate.png,rotate\masks\3077_rotate.png
rotate\images\3078_rotate.png,rotate\masks\3078_rotate.png
rotate\images\3079_rotate.png,rotate\masks\3079_rotate.png
rotate\images\3080_rotate.png,rotate\masks\3080_rotate.png
rotate\images\3081_rotate.png,rotate\masks\3081_rotate.png
rotate\images\3082_rotate.png,rotate\masks\3082_rotate.png
rotate\images\3083_rotate.png,rotate\masks\3083_rotate.png
rotate\images\3084_rotate.png,rotate\masks\3084_rotate.png
rotate\images\3085_rotate.png,rotate\masks\3085_rotate.png
rotate\images\3086_rotate.png,rotate\masks\3086_rotate.png
rotate\images\3087_rotate.png,rotate\masks\3087_rotate.png
rotate\images\3088_rotate.png,rotate\masks\3088_rotate.png
rotate\images\3089_rotate.png,rotate\masks\3089_rotate.png
rotate\images\3090_rotate.png,rotate\masks\3090_rotate.png
rotate\images\3091_rotate.png,rotate\masks\3091_rotate.png
rotate\images\3092_rotate.png,rotate\masks\3092_rotate.png
rotate\images\3093_rotate.png,rotate\masks\3093_rotate.png
rotate\images\3094_rotate.png,rotate\masks\3094_rotate.png
rotate\images\3095_rotate.png,rotate\masks\3095_rotate.png
rotate\images\3096_rotate.png,rotate\masks\3096_rotate.png
rotate\images\3097_rotate.png,rotate\masks\3097_rotate.png
rotate\images\3098_rotate.png,rotate\masks\3098_rotate.png
rotate\images\1000_rotate.png,rotate\masks\1000_rotate.png
rotate\images\1001_rotate.png,rotate\masks\1001_rotate.png
rotate\images\1002_rotate.png,rotate\masks\1002_rotate.png
rotate\images\1003_rotate.png,rotate\masks\1003_rotate.png
rotate\images\1004_rotate.png,rotate\masks\1004_rotate.png
rotate\images\1005_rotate.png,rotate\masks\1005_rotate.png
rotate\images\1006_rotate.png,rotate\masks\1006_rotate.png
rotate\images\1007_rotate.png,rotate\masks\1007_rotate.png
rotate\images\1008_rotate.png,rotate\masks\1008_rotate.png
rotate\images\1009_rotate.png,rotate\masks\1009_rotate.png
rotate\images\1010_rotate.png,rotate\masks\1010_rotate.png
rotate\images\1011_rotate.png,rotate\masks\1011_rotate.png
rotate\images\1012_rotate.png,rotate\masks\1012_rotate.png
rotate\images\1013_rotate.png,rotate\masks\1013_rotate.png
rotate\images\1014_rotate.png,rotate\masks\1014_rotate.png
rotate\images\1015_rotate.png,rotate\masks\1015_rotate.png
rotate\images\1016_rotate.png,rotate\masks\1016_rotate.png
rotate\images\1017_rotate.png,rotate\masks\1017_rotate.png
rotate\images\1018_rotate.png,rotate\masks\1018_rotate.png
rotate\images\1019_rotate.png,rotate\masks\1019_rotate.png
rotate\images\1020_rotate.png,rotate\masks\1020_rotate.png
rotate\images\1021_rotate.png,rotate\masks\1021_rotate.png
rotate\images\1022_rotate.png,rotate\masks\1022_rotate.png
rotate\images\1023_rotate.png,rotate\masks\1023_rotate.png
rotate\images\1024_rotate.png,rotate\masks\1024_rotate.png
rotate\images\1025_rotate.png,rotate\masks\1025_rotate.png
rotate\images\1026_rotate.png,rotate\masks\1026_rotate.png
rotate\images\1027_rotate.png,rotate\masks\1027_rotate.png
rotate\images\1028_rotate.png,rotate\masks\1028_rotate.png
rotate\images\1029_rotate.png,rotate\masks\1029_rotate.png
rotate\images\1030_rotate.png,rotate\masks\1030_rotate.png
rotate\images\1031_rotate.png,rotate\masks\1031_rotate.png
rotate\images\1032_rotate.png,rotate\masks\1032_rotate.png
rotate\images\1033_rotate.png,rotate\masks\1033_rotate.png
rotate\images\1034_rotate.png,rotate\masks\1034_rotate.png
rotate\images\1035_rotate.png,rotate\masks\1035_rotate.png
rotate\images\1036_rotate.png,rotate\masks\1036_rotate.png
rotate\images\1037_rotate.png,rotate\masks\1037_rotate.png
rotate\images\1038_rotate.png,rotate\masks\1038_rotate.png
rotate\images\1039_rotate.png,rotate\masks\1039_rotate.png
rotate\images\1040_rotate.png,rotate\masks\1040_rotate.png
rotate\images\1041_rotate.png,rotate\masks\1041_rotate.png
rotate\images\1042_rotate.png,rotate\masks\1042_rotate.png
rotate\images\1043_rotate.png,rotate\masks\1043_rotate.png
rotate\images\1044_rotate.png,rotate\masks\1044_rotate.png
rotate\images\1045_rotate.png,rotate\masks\1045_rotate.png
rotate\images\1046_rotate.png,rotate\masks\1046_rotate.png
rotate\images\1047_rotate.png,rotate\masks\1047_rotate.png
rotate\images\1048_rotate.png,rotate\masks\1048_rotate.png
rotate\images\1049_rotate.png,rotate\masks\1049_rotate.png
rotate\images\1050_rotate.png,rotate\masks\1050_rotate.png
rotate\images\1051_rotate.png,rotate\masks\1051_rotate.png
rotate\images\1052_rotate.png,rotate\masks\1052_rotate.png
rotate\images\1053_rotate.png,rotate\masks\1053_rotate.png
rotate\images\1054_rotate.png,rotate\masks\1054_rotate.png
rotate\images\1055_rotate.png,rotate\masks\1055_rotate.png
rotate\images\1056_rotate.png,rotate\masks\1056_rotate.png
rotate\images\1057_rotate.png,rotate\masks\1057_rotate.png
rotate\images\1058_rotate.png,rotate\masks\1058_rotate.png
rotate\images\1059_rotate.png,rotate\masks\1059_rotate.png
rotate\images\1060_rotate.png,rotate\masks\1060_rotate.png
rotate\images\1061_rotate.png,rotate\masks\1061_rotate.png
rotate\images\1062_rotate.png,rotate\masks\1062_rotate.png
rotate\images\1063_rotate.png,rotate\masks\1063_rotate.png
rotate\images\1064_rotate.png,rotate\masks\1064_rotate.png
rotate\images\1065_rotate.png,rotate\masks\1065_rotate.png
rotate\images\1066_rotate.png,rotate\masks\1066_rotate.png
rotate\images\1067_rotate.png,rotate\masks\1067_rotate.png
rotate\images\1068_rotate.png,rotate\masks\1068_rotate.png
rotate\images\1069_rotate.png,rotate\masks\1069_rotate.png
rotate\images\1070_rotate.png,rotate\masks\1070_rotate.png
rotate\images\1071_rotate.png,rotate\masks\1071_rotate.png
rotate\images\1072_rotate.png,rotate\masks\1072_rotate.png
rotate\images\1073_rotate.png,rotate\masks\1073_rotate.png
rotate\images\1074_rotate.png,rotate\masks\1074_rotate.png
rotate\images\1075_rotate.png,rotate\masks\1075_rotate.png
rotate\images\1076_rotate.png,rotate\masks\1076_rotate.png
rotate\images\1077_rotate.png,rotate\masks\1077_rotate.png
rotate\images\1078_rotate.png,rotate\masks\1078_rotate.png
rotate\images\1079_rotate.png,rotate\masks\1079_rotate.png
rotate\images\1080_rotate.png,rotate\masks\1080_rotate.png
rotate\images\1081_rotate.png,rotate\masks\1081_rotate.png
rotate\images\1082_rotate.png,rotate\masks\1082_rotate.png
rotate\images\1083_rotate.png,rotate\masks\1083_rotate.png
rotate\images\1084_rotate.png,rotate\masks\1084_rotate.png
rotate\images\1085_rotate.png,rotate\masks\1085_rotate.png
rotate\images\1086_rotate.png,rotate\masks\1086_rotate.png
rotate\images\1087_rotate.png,rotate\masks\1087_rotate.png
promotion\images\0_promotion.png,promotion\masks\0_promotion.png
promotion\images\1_promotion.png,promotion\masks\1_promotion.png
promotion\images\2_promotion.png,promotion\masks\2_promotion.png
promotion\images\3_promotion.png,promotion\masks\3_promotion.png
promotion\images\4_promotion.png,promotion\masks\4_promotion.png
promotion\images\5_promotion.png,promotion\masks\5_promotion.png
promotion\images\6_promotion.png,promotion\masks\6_promotion.png
promotion\images\7_promotion.png,promotion\masks\7_promotion.png
promotion\images\8_promotion.png,promotion\masks\8_promotion.png
promotion\images\9_promotion.png,promotion\masks\9_promotion.png
promotion\images\10_promotion.png,promotion\masks\10_promotion.png
promotion\images\11_promotion.png,promotion\masks\11_promotion.png
promotion\images\12_promotion.png,promotion\masks\12_promotion.png
promotion\images\13_promotion.png,promotion\masks\13_promotion.png
promotion\images\14_promotion.png,promotion\masks\14_promotion.png
promotion\images\15_promotion.png,promotion\masks\15_promotion.png
promotion\images\16_promotion.png,promotion\masks\16_promotion.png
promotion\images\17_promotion.png,promotion\masks\17_promotion.png
promotion\images\18_promotion.png,promotion\masks\18_promotion.png
promotion\images\19_promotion.png,promotion\masks\19_promotion.png
promotion\images\20_promotion.png,promotion\masks\20_promotion.png
promotion\images\21_promotion.png,promotion\masks\21_promotion.png
promotion\images\22_promotion.png,promotion\masks\22_promotion.png
promotion\images\23_promotion.png,promotion\masks\23_promotion.png
promotion\images\24_promotion.png,promotion\masks\24_promotion.png
promotion\images\25_promotion.png,promotion\masks\25_promotion.png
promotion\images\26_promotion.png,promotion\masks\26_promotion.png
promotion\images\27_promotion.png,promotion\masks\27_promotion.png
promotion\images\28_promotion.png,promotion\masks\28_promotion.png
promotion\images\29_promotion.png,promotion\masks\29_promotion.png
promotion\images\30_promotion.png,promotion\masks\30_promotion.png
promotion\images\31_promotion.png,promotion\masks\31_promotion.png
promotion\images\32_promotion.png,promotion\masks\32_promotion.png
promotion\images\33_promotion.png,promotion\masks\33_promotion.png
promotion\images\34_promotion.png,promotion\masks\34_promotion.png
promotion\images\35_promotion.png,promotion\masks\35_promotion.png
promotion\images\36_promotion.png,promotion\masks\36_promotion.png
promotion\images\37_promotion.png,promotion\masks\37_promotion.png
promotion\images\38_promotion.png,promotion\masks\38_promotion.png
promotion\images\39_promotion.png,promotion\masks\39_promotion.png
promotion\images\40_promotion.png,promotion\masks\40_promotion.png
promotion\images\41_promotion.png,promotion\masks\41_promotion.png
promotion\images\42_promotion.png,promotion\masks\42_promotion.png
promotion\images\43_promotion.png,promotion\masks\43_promotion.png
promotion\images\44_promotion.png,promotion\masks\44_promotion.png
promotion\images\45_promotion.png,promotion\masks\45_promotion.png
promotion\images\46_promotion.png,promotion\masks\46_promotion.png
promotion\images\47_promotion.png,promotion\masks\47_promotion.png
promotion\images\48_promotion.png,promotion\masks\48_promotion.png
promotion\images\49_promotion.png,promotion\masks\49_promotion.png
promotion\images\2001_promotion.png,promotion\masks\2001_promotion.png
promotion\images\2002_promotion.png,promotion\masks\2002_promotion.png
promotion\images\2003_promotion.png,promotion\masks\2003_promotion.png
promotion\images\2004_promotion.png,promotion\masks\2004_promotion.png
promotion\images\2005_promotion.png,promotion\masks\2005_promotion.png
promotion\images\2006_promotion.png,promotion\masks\2006_promotion.png
promotion\images\2007_promotion.png,promotion\masks\2007_promotion.png
promotion\images\2008_promotion.png,promotion\masks\2008_promotion.png
promotion\images\2009_promotion.png,promotion\masks\2009_promotion.png
promotion\images\2010_promotion.png,promotion\masks\2010_promotion.png
promotion\images\2011_promotion.png,promotion\masks\2011_promotion.png
promotion\images\2012_promotion.png,promotion\masks\2012_promotion.png
promotion\images\2013_promotion.png,promotion\masks\2013_promotion.png
promotion\images\2014_promotion.png,promotion\masks\2014_promotion.png
promotion\images\2015_promotion.png,promotion\masks\2015_promotion.png
promotion\images\2016_promotion.png,promotion\masks\2016_promotion.png
promotion\images\2017_promotion.png,promotion\masks\2017_promotion.png
promotion\images\2018_promotion.png,promotion\masks\2018_promotion.png
promotion\images\2019_promotion.png,promotion\masks\2019_promotion.png
promotion\images\2020_promotion.png,promotion\masks\2020_promotion.png
promotion\images\2021_promotion.png,promotion\masks\2021_promotion.png
promotion\images\2022_promotion.png,promotion\masks\2022_promotion.png
promotion\images\2023_promotion.png,promotion\masks\2023_promotion.png
promotion\images\2024_promotion.png,promotion\masks\2024_promotion.png
promotion\images\2025_promotion.png,promotion\masks\2025_promotion.png
promotion\images\2026_promotion.png,promotion\masks\2026_promotion.png
promotion\images\2027_promotion.png,promotion\masks\2027_promotion.png
promotion\images\2028_promotion.png,promotion\masks\2028_promotion.png
promotion\images\2029_promotion.png,promotion\masks\2029_promotion.png
promotion\images\2030_promotion.png,promotion\masks\2030_promotion.png
promotion\images\2031_promotion.png,promotion\masks\2031_promotion.png
promotion\images\2032_promotion.png,promotion\masks\2032_promotion.png
promotion\images\2033_promotion.png,promotion\masks\2033_promotion.png
promotion\images\2034_promotion.png,promotion\masks\2034_promotion.png
promotion\images\2035_promotion.png,promotion\masks\2035_promotion.png
promotion\images\2036_promotion.png,promotion\masks\2036_promotion.png
promotion\images\2037_promotion.png,promotion\masks\2037_promotion.png
promotion\images\2038_promotion.png,promotion\masks\2038_promotion.png
promotion\images\2039_promotion.png,promotion\masks\2039_promotion.png
promotion\images\2040_promotion.png,promotion\masks\2040_promotion.png
promotion\images\2041_promotion.png,promotion\masks\2041_promotion.png
promotion\images\2042_promotion.png,promotion\masks\2042_promotion.png
promotion\images\2043_promotion.png,promotion\masks\2043_promotion.png
promotion\images\2044_promotion.png,promotion\masks\2044_promotion.png
promotion\images\2045_promotion.png,promotion\masks\2045_promotion.png
promotion\images\2046_promotion.png,promotion\masks\2046_promotion.png
promotion\images\2047_promotion.png,promotion\masks\2047_promotion.png
promotion\images\2048_promotion.png,promotion\masks\2048_promotion.png
promotion\images\2049_promotion.png,promotion\masks\2049_promotion.png
promotion\images\2050_promotion.png,promotion\masks\2050_promotion.png
promotion\images\2051_promotion.png,promotion\masks\2051_promotion.png
promotion\images\2052_promotion.png,promotion\masks\2052_promotion.png
promotion\images\2053_promotion.png,promotion\masks\2053_promotion.png
promotion\images\3000_promotion.png,promotion\masks\3000_promotion.png
promotion\images\3001_promotion.png,promotion\masks\3001_promotion.png
promotion\images\3002_promotion.png,promotion\masks\3002_promotion.png
promotion\images\3003_promotion.png,promotion\masks\3003_promotion.png
promotion\images\3004_promotion.png,promotion\masks\3004_promotion.png
promotion\images\3005_promotion.png,promotion\masks\3005_promotion.png
promotion\images\3006_promotion.png,promotion\masks\3006_promotion.png
promotion\images\3007_promotion.png,promotion\masks\3007_promotion.png
promotion\images\3008_promotion.png,promotion\masks\3008_promotion.png
promotion\images\3009_promotion.png,promotion\masks\3009_promotion.png
promotion\images\3010_promotion.png,promotion\masks\3010_promotion.png
promotion\images\3011_promotion.png,promotion\masks\3011_promotion.png
promotion\images\3012_promotion.png,promotion\masks\3012_promotion.png
promotion\images\3013_promotion.png,promotion\masks\3013_promotion.png
promotion\images\3014_promotion.png,promotion\masks\3014_promotion.png
promotion\images\3015_promotion.png,promotion\masks\3015_promotion.png
promotion\images\3016_promotion.png,promotion\masks\3016_promotion.png
promotion\images\3017_promotion.png,promotion\masks\3017_promotion.png
promotion\images\3018_promotion.png,promotion\masks\3018_promotion.png
promotion\images\3019_promotion.png,promotion\masks\3019_promotion.png
promotion\images\3020_promotion.png,promotion\masks\3020_promotion.png
promotion\images\3021_promotion.png,promotion\masks\3021_promotion.png
promotion\images\3022_promotion.png,promotion\masks\3022_promotion.png
promotion\images\3023_promotion.png,promotion\masks\3023_promotion.png
promotion\images\3024_promotion.png,promotion\masks\3024_promotion.png
promotion\images\3025_promotion.png,promotion\masks\3025_promotion.png
promotion\images\3026_promotion.png,promotion\masks\3026_promotion.png
promotion\images\3027_promotion.png,promotion\masks\3027_promotion.png
promotion\images\3028_promotion.png,promotion\masks\3028_promotion.png
promotion\images\3029_promotion.png,promotion\masks\3029_promotion.png
promotion\images\3030_promotion.png,promotion\masks\3030_promotion.png
promotion\images\3031_promotion.png,promotion\masks\3031_promotion.png
promotion\images\3032_promotion.png,promotion\masks\3032_promotion.png
promotion\images\3033_promotion.png,promotion\masks\3033_promotion.png
promotion\images\3034_promotion.png,promotion\masks\3034_promotion.png
promotion\images\3035_promotion.png,promotion\masks\3035_promotion.png
promotion\images\3036_promotion.png,promotion\masks\3036_promotion.png
promotion\images\3037_promotion.png,promotion\masks\3037_promotion.png
promotion\images\3038_promotion.png,promotion\masks\3038_promotion.png
promotion\images\3039_promotion.png,promotion\masks\3039_promotion.png
promotion\images\3040_promotion.png,promotion\masks\3040_promotion.png
promotion\images\3041_promotion.png,promotion\masks\3041_promotion.png
promotion\images\3042_promotion.png,promotion\masks\3042_promotion.png
promotion\images\3043_promotion.png,promotion\masks\3043_promotion.png
promotion\images\3044_promotion.png,promotion\masks\3044_promotion.png
promotion\images\3045_promotion.png,promotion\masks\3045_promotion.png
promotion\images\3046_promotion.png,promotion\masks\3046_promotion.png
promotion\images\3047_promotion.png,promotion\masks\3047_promotion.png
promotion\images\3048_promotion.png,promotion\masks\3048_promotion.png
promotion\images\3049_promotion.png,promotion\masks\3049_promotion.png
promotion\images\3050_promotion.png,promotion\masks\3050_promotion.png
promotion\images\3051_promotion.png,promotion\masks\3051_promotion.png
promotion\images\3052_promotion.png,promotion\masks\3052_promotion.png
promotion\images\3053_promotion.png,promotion\masks\3053_promotion.png
promotion\images\3054_promotion.png,promotion\masks\3054_promotion.png
promotion\images\3055_promotion.png,promotion\masks\3055_promotion.png
promotion\images\3056_promotion.png,promotion\masks\3056_promotion.png
promotion\images\3057_promotion.png,promotion\masks\3057_promotion.png
promotion\images\3058_promotion.png,promotion\masks\3058_promotion.png
promotion\images\3059_promotion.png,promotion\masks\3059_promotion.png
promotion\images\3060_promotion.png,promotion\masks\3060_promotion.png
promotion\images\3061_promotion.png,promotion\masks\3061_promotion.png
promotion\images\3062_promotion.png,promotion\masks\3062_promotion.png
promotion\images\3063_promotion.png,promotion\masks\3063_promotion.png
promotion\images\3064_promotion.png,promotion\masks\3064_promotion.png
promotion\images\3065_promotion.png,promotion\masks\3065_promotion.png
promotion\images\3066_promotion.png,promotion\masks\3066_promotion.png
promotion\images\3067_promotion.png,promotion\masks\3067_promotion.png
promotion\images\3068_promotion.png,promotion\masks\3068_promotion.png
promotion\images\3069_promotion.png,promotion\masks\3069_promotion.png
promotion\images\3070_promotion.png,promotion\masks\3070_promotion.png
promotion\images\3071_promotion.png,promotion\masks\3071_promotion.png
promotion\images\3072_promotion.png,promotion\masks\3072_promotion.png
promotion\images\3073_promotion.png,promotion\masks\3073_promotion.png
promotion\images\3074_promotion.png,promotion\masks\3074_promotion.png
promotion\images\3075_promotion.png,promotion\masks\3075_promotion.png
promotion\images\3076_promotion.png,promotion\masks\3076_promotion.png
promotion\images\3077_promotion.png,promotion\masks\3077_promotion.png
promotion\images\3078_promotion.png,promotion\masks\3078_promotion.png
promotion\images\3079_promotion.png,promotion\masks\3079_promotion.png
promotion\images\3080_promotion.png,promotion\masks\3080_promotion.png
promotion\images\3081_promotion.png,promotion\masks\3081_promotion.png
promotion\images\3082_promotion.png,promotion\masks\3082_promotion.png
promotion\images\3083_promotion.png,promotion\masks\3083_promotion.png
promotion\images\3084_promotion.png,promotion\masks\3084_promotion.png
promotion\images\3085_promotion.png,promotion\masks\3085_promotion.png
promotion\images\3086_promotion.png,promotion\masks\3086_promotion.png
promotion\images\3087_promotion.png,promotion\masks\3087_promotion.png
promotion\images\3088_promotion.png,promotion\masks\3088_promotion.png
promotion\images\3089_promotion.png,promotion\masks\3089_promotion.png
promotion\images\3090_promotion.png,promotion\masks\3090_promotion.png
promotion\images\3091_promotion.png,promotion\masks\3091_promotion.png
promotion\images\3092_promotion.png,promotion\masks\3092_promotion.png
promotion\images\3093_promotion.png,promotion\masks\3093_promotion.png
promotion\images\3094_promotion.png,promotion\masks\3094_promotion.png
promotion\images\3095_promotion.png,promotion\masks\3095_promotion.png
promotion\images\3096_promotion.png,promotion\masks\3096_promotion.png
promotion\images\3097_promotion.png,promotion\masks\3097_promotion.png
promotion\images\3098_promotion.png,promotion\masks\3098_promotion.png
promotion\images\1000_promotion.png,promotion\masks\1000_promotion.png
promotion\images\1001_promotion.png,promotion\masks\1001_promotion.png
promotion\images\1002_promotion.png,promotion\masks\1002_promotion.png
promotion\images\1003_promotion.png,promotion\masks\1003_promotion.png
promotion\images\1004_promotion.png,promotion\masks\1004_promotion.png
promotion\images\1005_promotion.png,promotion\masks\1005_promotion.png
promotion\images\1006_promotion.png,promotion\masks\1006_promotion.png
promotion\images\1007_promotion.png,promotion\masks\1007_promotion.png
promotion\images\1008_promotion.png,promotion\masks\1008_promotion.png
promotion\images\1009_promotion.png,promotion\masks\1009_promotion.png
promotion\images\1010_promotion.png,promotion\masks\1010_promotion.png
promotion\images\1011_promotion.png,promotion\masks\1011_promotion.png
promotion\images\1012_promotion.png,promotion\masks\1012_promotion.png
promotion\images\1013_promotion.png,promotion\masks\1013_promotion.png
promotion\images\1014_promotion.png,promotion\masks\1014_promotion.png
promotion\images\1015_promotion.png,promotion\masks\1015_promotion.png
promotion\images\1016_promotion.png,promotion\masks\1016_promotion.png
promotion\images\1017_promotion.png,promotion\masks\1017_promotion.png
promotion\images\1018_promotion.png,promotion\masks\1018_promotion.png
promotion\images\1019_promotion.png,promotion\masks\1019_promotion.png
promotion\images\1020_promotion.png,promotion\masks\1020_promotion.png
promotion\images\1021_promotion.png,promotion\masks\1021_promotion.png
promotion\images\1022_promotion.png,promotion\masks\1022_promotion.png
promotion\images\1023_promotion.png,promotion\masks\1023_promotion.png
promotion\images\1024_promotion.png,promotion\masks\1024_promotion.png
promotion\images\1025_promotion.png,promotion\masks\1025_promotion.png
promotion\images\1026_promotion.png,promotion\masks\1026_promotion.png
promotion\images\1027_promotion.png,promotion\masks\1027_promotion.png
promotion\images\1028_promotion.png,promotion\masks\1028_promotion.png
promotion\images\1029_promotion.png,promotion\masks\1029_promotion.png
promotion\images\1030_promotion.png,promotion\masks\1030_promotion.png
promotion\images\1031_promotion.png,promotion\masks\1031_promotion.png
promotion\images\1032_promotion.png,promotion\masks\1032_promotion.png
promotion\images\1033_promotion.png,promotion\masks\1033_promotion.png
promotion\images\1034_promotion.png,promotion\masks\1034_promotion.png
promotion\images\1035_promotion.png,promotion\masks\1035_promotion.png
promotion\images\1036_promotion.png,promotion\masks\1036_promotion.png
promotion\images\1037_promotion.png,promotion\masks\1037_promotion.png
promotion\images\1038_promotion.png,promotion\masks\1038_promotion.png
promotion\images\1039_promotion.png,promotion\masks\1039_promotion.png
promotion\images\1040_promotion.png,promotion\masks\1040_promotion.png
promotion\images\1041_promotion.png,promotion\masks\1041_promotion.png
promotion\images\1042_promotion.png,promotion\masks\1042_promotion.png
promotion\images\1043_promotion.png,promotion\masks\1043_promotion.png
promotion\images\1044_promotion.png,promotion\masks\1044_promotion.png
promotion\images\1045_promotion.png,promotion\masks\1045_promotion.png
promotion\images\1046_promotion.png,promotion\masks\1046_promotion.png
promotion\images\1047_promotion.png,promotion\masks\1047_promotion.png
promotion\images\1048_promotion.png,promotion\masks\1048_promotion.png
promotion\images\1049_promotion.png,promotion\masks\1049_promotion.png
promotion\images\1050_promotion.png,promotion\masks\1050_promotion.png
promotion\images\1051_promotion.png,promotion\masks\1051_promotion.png
promotion\images\1052_promotion.png,promotion\masks\1052_promotion.png
promotion\images\1053_promotion.png,promotion\masks\1053_promotion.png
promotion\images\1054_promotion.png,promotion\masks\1054_promotion.png
promotion\images\1055_promotion.png,promotion\masks\1055_promotion.png
promotion\images\1056_promotion.png,promotion\masks\1056_promotion.png
promotion\images\1057_promotion.png,promotion\masks\1057_promotion.png
promotion\images\1058_promotion.png,promotion\masks\1058_promotion.png
promotion\images\1059_promotion.png,promotion\masks\1059_promotion.png
promotion\images\1060_promotion.png,promotion\masks\1060_promotion.png
promotion\images\1061_promotion.png,promotion\masks\1061_promotion.png
promotion\images\1062_promotion.png,promotion\masks\1062_promotion.png
promotion\images\1063_promotion.png,promotion\masks\1063_promotion.png
promotion\images\1064_promotion.png,promotion\masks\1064_promotion.png
promotion\images\1065_promotion.png,promotion\masks\1065_promotion.png
promotion\images\1066_promotion.png,promotion\masks\1066_promotion.png
promotion\images\1067_promotion.png,promotion\masks\1067_promotion.png
promotion\images\1068_promotion.png,promotion\masks\1068_promotion.png
promotion\images\1069_promotion.png,promotion\masks\1069_promotion.png
promotion\images\1070_promotion.png,promotion\masks\1070_promotion.png
promotion\images\1071_promotion.png,promotion\masks\1071_promotion.png
promotion\images\1072_promotion.png,promotion\masks\1072_promotion.png
promotion\images\1073_promotion.png,promotion\masks\1073_promotion.png
promotion\images\1074_promotion.png,promotion\masks\1074_promotion.png
promotion\images\1075_promotion.png,promotion\masks\1075_promotion.png
promotion\images\1076_promotion.png,promotion\masks\1076_promotion.png
promotion\images\1077_promotion.png,promotion\masks\1077_promotion.png
promotion\images\1078_promotion.png,promotion\masks\1078_promotion.png
promotion\images\1079_promotion.png,promotion\masks\1079_promotion.png
promotion\images\1080_promotion.png,promotion\masks\1080_promotion.png
promotion\images\1081_promotion.png,promotion\masks\1081_promotion.png
promotion\images\1082_promotion.png,promotion\masks\1082_promotion.png
promotion\images\1083_promotion.png,promotion\masks\1083_promotion.png
promotion\images\1084_promotion.png,promotion\masks\1084_promotion.png
promotion\images\1085_promotion.png,promotion\masks\1085_promotion.png
promotion\images\1086_promotion.png,promotion\masks\1086_promotion.png
promotion\images\1087_promotion.png,promotion\masks\1087_promotion.png
